{"pseudotime_concordance": 0.951923307923308, "lineage_f1": 0.842, "rna_mutual_information": 1.2052171127534599}
